customer_id,email,first_name,last_name,phone,country,city,address,created_at,updated_at
CUST-9BC7DCB0,coxduncan@example.org,Jennifer,Davies,+4420 74960600,ES,East Leanne,863 Lawrence Valleys,2023-01-26T00:00:00,
CUST-D0530A7B,helenpeterson@example.org,Paulette,Camicione,0141 4960155,DE,Toledo,aleja Boczna 49/59,2023-04-15T00:00:00,
CUST-34F95130,lambertmargaud@example.org,Cebrián,Roussel,,DE,Leiderdorp,,2024-03-08T00:00:00,
CUST-426466E2,milosz55@example.org,Judith,John,,DE,Eberswalde,,2024-09-08T00:00:00,
CUST-72BF3874,okalisiak@example.net,Marianne,Bertolucci,+33 (0)4 70 64 13 95,ES,Delaunaydan,Istvan-Weinhage-Weg 7/7,2024-07-12T00:00:00,
CUST-F6EF7E94,edoardotommaseo@example.com,Anthony,Gould,(06916) 69784,FR,Lake Nicoleview,,2023-01-07T00:00:00,
CUST-6EE992F2,magrassiraffaellino@example.org,Jakub,Valle,,FR,Schwäbisch Hall,Acceso María Belén Cuéllar 680,2023-10-12T00:00:00,
CUST-98ACDDEA,pietraszolgierd@example.com,Bertrand,Duhamel,+44(0)114 496 0718,FR,Steinfurt,aleja Chełmońskiego 63/83,2023-04-05T00:00:00,
CUST-5F4B0AB4,cperea@example.net,Ignacy,Jean,01314960098,FR,Vasseur-sur-Robert,1 Mohamed cliffs,2023-09-28T00:00:00,
CUST-DA49B00B,marguerite73@example.net,Isabel,Macias,,GB,Sieradz,avenue Monnier,2024-01-23T00:00:00,
CUST-96EE0147,uvan-maaren@example.org,Benjamin,Visser,(0118) 496 0338,ES,Chorzów,Valentijnhof 7,2024-01-06T00:00:00,
CUST-51609BB9,rileysheila@example.org,Frank,Ladeck,+48 573 602 606,DE,Girona,Jonathanlaan 09,2023-08-22T00:00:00,
CUST-7AFC6B9D,brian97@example.net,Björn,Barton,+442074960136,NL,New Marilyn,9985 Harris Stravenue,2023-04-14T00:00:00,
CUST-ED7CFAB0,giustinopetrassi@example.org,Zacarías,Bonolis,599.711.8384x251,NL,León,Via de Selena Cañizares 21,2023-06-16T00:00:00,
CUST-4CF62293,karl-peter93@example.net,Gastone,Vega,730 164 005,FR,Ebersberg,pl. Szkolna 12,2024-11-30T00:00:00,
CUST-779D6204,brandi26@example.org,Kyle,Nolan,,DE,Martineau,"Studio 69
Frank way",2023-09-08T00:00:00,
CUST-678C69EF,ramonalehmann@example.org,Jennifer,Polizzi,0298160733,AT,Starogard Gdański,Plaza Georgina Ferrando 55,2024-10-17T00:00:00,
CUST-1223A437,bruce86@example.net,Alphons,Shaw,,FR,Palencia,,2023-02-27T00:00:00,
CUST-7F4ADA4F,campsdebora@example.com,Lina,Roero,,FR,Suttonborough,Plaza de Aurora Figueras 26,2023-10-02T00:00:00,
CUST-D565CE8E,francesca14@example.net,Griselda,Verbeek,,GB,Loënga,Stadelmannstraße 599,2023-11-19T00:00:00,
CUST-D4EB2B12,stoffelszmaurits@example.org,Lois,Scarpetta,+48 533 872 148,NL,Ostigliano,"43, rue Lambert",2024-10-20T00:00:00,
CUST-61AF4974,xbourdon@example.org,Urszula,Wagner,(063)-2016328,DE,Częstochowa,rue Suzanne Barthelemy,2024-07-28T00:00:00,
CUST-4856ACE6,btiepolo@example.net,Damian,Chyb,+34 881487347,FR,Damianview,"Via Enzo, 6 Appartamento 66",2024-08-20T00:00:00,
CUST-5D730253,nwitos@example.com,Rosa,Gates,(005)-4668893,PT,Siemianowice Śląskie,Plaza de Roque Navarrete 82 Apt. 98 ,2024-06-05T00:00:00,
CUST-2C5C6332,qvargas@example.org,Carly,Huurdeman,660 465 375,NL,Treschietto,Avenida de Adoración Aliaga 405 Puerta 1 ,2023-06-06T00:00:00,
CUST-095757A7,herringjames@example.org,Ignatz,Mühle,020 7946 0374,FR,Loceri,19 Graeme ports,2023-03-07T00:00:00,
CUST-52425C1A,emangel@example.net,François,Carrillo,(786)951-8506x716,GB,Eisenberg,Ronda de Paola Ledesma 23 Piso 7 ,2023-09-15T00:00:00,
CUST-60396C41,ncolas@example.net,Nout,Snyder,+39 0825354548,DE,Saint Michellenec,plac Krańcowa 77/01,2023-04-28T00:00:00,
CUST-61D8EBFA,sandaliohervia@example.com,Salvatore,Ravaglioli,3667444311,FR,Fürstenfeldbruck,pl. Nowowiejska 94/13,2024-10-18T00:00:00,
CUST-0400BA80,poncioescobar@example.com,Jean,Höfig,9849271094,DE,Puławy,Müllergasse 86,2023-01-04T00:00:00,
CUST-8031204E,hayeslynne@example.com,Frederick,Bevan,(086) 7749649,FR,Port Jaredborough,Urbanización Fulgencio Benavides 70,2024-05-27T00:00:00,
CUST-AC39DB31,cjeske@example.org,Lara,Santiago,,DE,West Kayleigh,"9, rue Da Costa",2024-10-02T00:00:00,
CUST-83EEAE33,bonbachguenther@example.com,Valentín,Jones,+34945488771,ES,Navarroview,,2023-06-06T00:00:00,
CUST-D92A6290,perezemily@example.net,Yvonne,Arjona,08742 967175,BE,Netersel,"Rotonda Piergiorgio, 94",2024-06-27T00:00:00,
CUST-0881C304,suraiwo@example.com,Sophie,Sandoval,+48 510 385 977,GB,West Andrea,Via de Ambrosio Heras 94 Apt. 86 ,2023-04-25T00:00:00,
CUST-4956466C,geoffreyhall@example.org,Alexa,Verdú,,NL,Lugo,aleja Staffa 63,2023-11-11T00:00:00,
CUST-F304AE45,hofmannlara@example.com,Milena,Acedo,,GB,Palencia,aleja Kossaka 558,2023-03-22T00:00:00,
CUST-630697C1,mvandenbergh@example.net,Henriette,Otto,057 6627028,DE,Croviana,,2024-06-29T00:00:00,
CUST-2668EFC1,hankiewiczagnieszka@example.org,Sahin,Bruder,,GB,Łomża,"Rotonda Serena, 95 Appartamento 43",2024-07-16T00:00:00,
CUST-42AC478D,wstewart@example.net,Louise,Täsche,+34730 50 45 56,ES,Peine,Jesseboulevard 69,2023-08-05T00:00:00,
CUST-ABCD263E,jguillon@example.org,Juliusz,Micał,648.521.7594x647,ES,Terschuur,95 Turner hill,2024-12-31T00:00:00,
CUST-E84E7C38,khill@example.net,Renee,Mazepa,+34 878953394,ES,Sebnitz,0952 Renee Islands Suite 232,2024-03-24T00:00:00,
CUST-0EC650D1,rita24@example.com,Margarita,Carosone,532 368 516,DE,Amandamouth,"Canale Pagnotto, 143 Appartamento 77",2023-03-07T00:00:00,
CUST-341CD980,jordanharding@example.com,Oliwier,Henry,,DE,Mettmann,"Incrocio Filippa, 57 Piano 3",2023-08-14T00:00:00,
CUST-0B5CB358,xksiezak@example.org,Alessia,Bignardi,0317-139005,DE,Moreno,rue de Coste,2023-03-11T00:00:00,
CUST-287EA7A2,vincentbecker@example.org,Joshua,Ehlert,,DE,Baleares,53950 Joseph Crossroad,2023-09-01T00:00:00,
CUST-45435608,demmendaalwillem@example.com,Ubaldo,Price,+33 (0)4 58 70 07 66,GB,Edwardsmouth,92 Malcolm harbor,2024-08-07T00:00:00,
CUST-9FC4630F,sturchetta@example.com,Dylano,Davis,,GB,Sauvage-sur-Mer,,2024-02-21T00:00:00,
CUST-A8C48AEC,meike76@example.com,Terry,Tillmanno,+34932 71 11 16,FR,Callumside,165 Parrish Stravenue Apt. 494,2024-03-09T00:00:00,
CUST-1E5BDCF5,tomaselligiacomo@example.org,Artur,Dodd,+39 3224936890,DE,Viersen,,2024-10-31T00:00:00,
CUST-376072C1,pascual02@example.org,Collin,Weihmann,683-766-7525,FR,East Charleston,,2023-12-14T00:00:00,
CUST-1B316C96,angela67@example.net,Urszula,Garriga,(0131) 4960614,DE,Ostróda,C. Elena Ballesteros 4,2024-07-03T00:00:00,
CUST-FA725128,maria-fernandacervantes@example.com,Nacio,Bailey,+31(0)26 8388516,FR,Smithland,,2023-09-13T00:00:00,
CUST-114AB28B,tpirandello@example.net,Maxim,Gibbons,,IT,Vaglio Basilicata,ul. Letniskowa 36,2024-07-17T00:00:00,
CUST-CEE50DD6,de-ruiternoortje@example.com,Gianfrancesco,Dibiasi,+44(0)161 4960188,GB,Marty,Gabor-Hertrampf-Platz 292,2023-01-16T00:00:00,
CUST-CE808082,wmitschke@example.net,Sylwia,Mercadante,01774 490581,NL,León,4119 Ford Plaza,2023-06-20T00:00:00,
CUST-2B5100B0,kstout@example.net,Tristan,Dawiec,,NL,Meppen,,2023-03-02T00:00:00,
CUST-D9C2E36A,graham82@example.org,Mathilde,Sabała,,FR,Kitzingen,Alameda de Iris Badía 61 Apt. 86 ,2024-04-10T00:00:00,
CUST-38D9A74B,lourdes92@example.com,Carole,Killer,+34943 29 14 86,IT,Azzone,"Studio 50
Herbert forest",2024-07-23T00:00:00,
CUST-E89F349C,oferrabosco@example.org,Curt,Cadenas,+1-759-529-6222x92706,DE,Września,Paseo Jorge Mendoza 63 Puerta 9 ,2023-08-11T00:00:00,
CUST-D10F38E8,skulus@example.com,Yasmin,Gute,,GB,Badoberan,pl. Rynek 81/41,2023-11-18T00:00:00,
CUST-C63D88CF,tomas82@example.com,Ross,Piekart,,GB,Bolano,Ameliapad 61,2024-06-27T00:00:00,
CUST-DF0EB867,alphonsmetella@example.org,Morena,Etzler,,DE,Samanthafort,,2023-07-10T00:00:00,
CUST-5AF86105,nmeister@example.org,Jack,Garriga,,NL,Calau,Via de Asdrubal Gómez 89,2024-02-18T00:00:00,
CUST-F3D060A2,leedawn@example.net,Crystal,Wagner,,DE,Mainburg,,2024-08-31T00:00:00,
CUST-69058270,john62@example.net,Judith,Boito,(770)465-4051x5319,ES,Amyburgh,pl. Jarzębinowa 17,2024-08-01T00:00:00,
CUST-3AAF40DB,james30@example.com,Aránzazu,van der Sande,,DE,Przemyśl,5054 Lauren Mews,2023-11-18T00:00:00,
CUST-969B770F,vde-jonge@example.org,Sonia,Traversa,+34 823 616 928,ES,Badajoz,"Studio 44C
Thompson mills",2023-11-04T00:00:00,
CUST-82407059,ubasso@example.com,Mart,Jones,+3182-0297021,PL,Étienne,Izesingel 571,2023-01-10T00:00:00,
CUST-9285ADA3,rocco54@example.org,Richard,Ortmann,+3144 7394731,PT,Merseburg,Mareen-Stoll-Ring 91/58,2023-03-17T00:00:00,
CUST-3F5238D2,leonordavila@example.com,Gérard,Joly,01 53 58 95 78,DE,Berchtesgaden,Pasadizo de Segismundo Recio 612 Puerta 1 ,2023-12-24T00:00:00,
CUST-DA2A7A09,hmalcharek@example.com,Polina,Wilmsen,0801824225,FR,Paul,Glorieta de Fabiola Llobet 94,2023-06-11T00:00:00,
CUST-2D190761,jennahowarth@example.org,Gertraude,Zarlino,2109943969,FR,Lugo,"84, rue Barbier",2024-10-31T00:00:00,
CUST-B286BCD5,dpoczta@example.org,Clelia,Johann,,GB,San Giovanni Di Baiano,Annasteeg 5,2024-11-10T00:00:00,
CUST-A76256BF,rriviere@example.com,Guy,Bentley,+31(0)32-5953278,FR,Olkusz,,2023-04-20T00:00:00,
CUST-77846E82,falvarado@example.com,Tadeusz,Guillon,+39 016647974,FR,Eibergen,Acceso de Artemio Pérez 9 Apt. 58 ,2023-08-04T00:00:00,
CUST-20BBCB82,pomaresanna@example.com,Paola,Clarke,(0141) 4960558,ES,Postalesio,"168, rue Dos Santos",2023-09-28T00:00:00,
CUST-6D9D52A0,dtraversa@example.org,Matthias,Cutuli,,PL,Maarheeze,"Viale Antonacci, 55 Appartamento 59",2023-02-22T00:00:00,
CUST-6B85D0C3,guillonchristiane@example.org,Jake,David,0117 496 0075,FR,Fleringen,,2023-01-04T00:00:00,
CUST-AEAFE555,sjoerdvan-de-berg@example.net,Stanisław,Pohl,0688652785,BE,Pomarolo,ulica Radosna 43/44,2023-06-15T00:00:00,
CUST-ABB222B0,eprevost@example.com,Lucio,Allen,,FR,Overdinkel,"Piazza Lupo, 545",2023-01-10T00:00:00,
CUST-DBDAA4EF,gabrielle42@example.org,Patrick,Santiago,+33 1 77 16 57 12,ES,South Denise,pl. Orzechowa 540,2023-06-02T00:00:00,
CUST-799F992F,eleanorhicks@example.org,Sergej,Beier,(024)-0049915,GB,Segovia,,2023-06-01T00:00:00,
CUST-EE76891E,dorotagrabos@example.com,Suzanne,Butcher,+48 734 205 493,FR,Main-Höchst,"Canale Caetani, 62",2023-02-10T00:00:00,
CUST-E749A64E,patrick74@example.com,Dafne,Green,+39 01841742615,DE,Lucas,aleja Sybiraków 56/87,2023-04-16T00:00:00,
CUST-C32018D1,maggiefaivre@example.net,Kerry,Starościak,+39 382910883,NL,San Daniele Po,971 Law motorway,2024-09-27T00:00:00,
CUST-BCD94AB8,kmeyer@example.org,Norbert,Foster,001-639-810-6518x0170,DE,Sondershausen,Tobiasring 1,2023-06-16T00:00:00,
CUST-703ABEE8,ernest28@example.com,Jacqueline,Bernard,,NL,Stevenside,Loeksingel 243,2023-01-26T00:00:00,
CUST-40779FBD,barkersamantha@example.net,John,Spencer,690.530.6738x302,IT,Gazzola,"48, chemin Robert Bonnet",2024-02-26T00:00:00,
CUST-9E4E7BAC,froehricht@example.org,Evangelista,van den Pol,,IT,Mezzocammino,Robindreef 73,2023-10-01T00:00:00,
CUST-08E00D3A,mathilde27@example.org,Yasmine,van der Heyden,0343517518,FR,Sainte Alexandria,98373 Turner Bridge,2023-02-09T00:00:00,
CUST-0679E0D2,nicolelemaire@example.net,Andrzej,Chauvin,0434678544,IT,Clusane,plac Nałkowskiej 355,2024-04-16T00:00:00,
CUST-B34792B0,mulderlara@example.org,Jose,Speijer,,NL,Hohenmölsen,,2023-08-17T00:00:00,
CUST-79B00ACD,pcolas@example.com,Girolamo,Korniak,+48 532 522 872,FR,Port Melanieton,31203 Brooks River Suite 700,2023-03-13T00:00:00,
CUST-E95A1BDA,bekbergenazra@example.net,Blanca,Alemany,+31(0)11 8233984,ES,Gratsch,Veraring 9,2024-02-14T00:00:00,
CUST-DE01C7F2,theophilepottier@example.org,Clayton,de Graaf,,FR,Sosnowiec,76591 Jerry Ways,2023-01-29T00:00:00,
CUST-E04B384D,aleksander14@example.net,Harry,Anichini,,DE,Meunier-sur-Chrétien,Jaydenstraat 96,2023-09-29T00:00:00,
CUST-B4599354,ycilibrasi@example.net,Donna,Bernetti,(0151) 496 0315,FR,Moordrecht,7358 Reynolds Springs Suite 194,2023-11-18T00:00:00,
CUST-7CCF7417,perezrene@example.org,Joy,Warmer,,DE,Middelaar,,2024-08-13T00:00:00,
CUST-3CB47E2C,buscettaadelmo@example.com,Olgierd,Calatayud,+49(0)2678 886101,FR,Montefegatesi,"Contrada Piergiuseppe, 1 Piano 2",2024-06-16T00:00:00,
CUST-70069477,kurt47@example.org,Mohammed,Schenk,,ES,Maarsbergen,aleja Wyspiańskiego 79,2024-11-17T00:00:00,
CUST-D0E5254F,igautier@example.com,Stacy,Parmitano,0574692455,PL,Herzberg,Alameda Renato Lozano 25 Puerta 3 ,2023-12-05T00:00:00,
CUST-F9F3E53C,vogtviktor@example.net,Brigitte,Bayón,(024)-3426617,DE,Śrem,Lotpad 891,2023-11-04T00:00:00,
CUST-7E0EDE46,sylviaking@example.org,Anna,Verhoeven,,FR,Deurne,,2024-12-14T00:00:00,
CUST-097BF9F2,greenwilliam@example.net,Caroline,Peranda,32 982 50 71,FR,Ávila,45 Leonard pike,2024-01-24T00:00:00,
CUST-0FBFCBF1,lidia17@example.net,Alex,Hodgson,(0113)4960512,ES,Roger-les-Bains,"Borgo Pirelli, 72 Appartamento 77",2023-11-05T00:00:00,
CUST-556E1171,jamiegoodwin@example.org,Paula,Kobelt,+39 07841478599,FR,Jaymouth,Gudrun-Eimer-Ring 53,2023-08-04T00:00:00,
CUST-8E8D8DF6,karenfaulkner@example.net,Sten,Ruppert,+31(0)27-8282742,ES,Meppen,72368 Ortiz Overpass Suite 772,2024-04-21T00:00:00,
CUST-8F9CA1C8,colesgerald@example.com,Joshua,Diéguez,+48 697 881 914,GB,Cosina,aleja Rynek 34/07,2023-06-23T00:00:00,
CUST-132FA928,rosalva17@example.org,Marc,Rensi,(02330) 958498,ES,Vilsbiburg,Pasadizo de Trinidad Bustos 16 Piso 2 ,2024-09-26T00:00:00,
CUST-51F8A022,gabortrub@example.com,Patricia,van Stralen,(04667) 116845,IT,Wołomin,"Viale Erika, 441",2024-11-19T00:00:00,
CUST-740B77E2,kazimierz45@example.net,Carolin,Oczkowicz,,DE,Sarnano,701 Scott Alley,2023-02-17T00:00:00,
CUST-79382751,jaydahuijzing@example.net,Federico,Bueno,0315206431,NL,South Christian,"10, chemin de Mathieu",2023-03-16T00:00:00,
CUST-A8D0D1BC,woutdries@example.org,Dex,Webb,036462218,GB,Starogard Gdański,"86, rue Roussel",2024-12-14T00:00:00,
CUST-690767BA,schachtjanett@example.com,Pomponio,Cilibrasi,,DE,Imbert,999 Marsh spurs,2024-12-05T00:00:00,
CUST-4C2F9639,jamie98@example.org,Melle,Bowers,05 32 13 79 18,IT,Sarahberg,Catoweg 71,2023-04-20T00:00:00,
CUST-E913064F,smithjason@example.org,Amira,Vallejo,+31(0)61-8892414,IT,Port Dean,,2024-12-13T00:00:00,
CUST-81634F24,tboezio@example.net,Kayleigh,Boyer,+33 (0)5 82 17 99 04,DE,Anklam,Albertine-Kensy-Weg 3/6,2023-05-05T00:00:00,
CUST-27F3B1DD,jaqueline10@example.com,Mark,Smith,+44161 4960785,ES,Villarrealburgh,"Strada Carpaccio, 8",2024-07-26T00:00:00,
CUST-6D172CB0,brandoncox@example.org,Svetlana,Tran,(053) 6541951,NL,East Linda,74451 Smith Flats Suite 949,2024-09-19T00:00:00,
CUST-790D6660,ltessier@example.com,Nath,Fernandes,(803)985-0506x41383,FR,Lake Joshua,,2024-07-15T00:00:00,
CUST-B9A35A54,phyllismeyer@example.net,Roman,Jackson,,NL,Biedenkopf,234 Rosales Unions Suite 557,2024-04-05T00:00:00,
CUST-2249D7B5,carlitofranco@example.org,Dean,O'Brien,796 185 374,ES,Łomża,4 Robin village,2024-06-17T00:00:00,
CUST-C2156740,carlograssi@example.com,Angelina,Byrd,,FR,Albacete,Duuksingel 2,2024-12-31T00:00:00,
CUST-A8CE855D,longross@example.org,Valentine,de Bock,,FR,Keithtown,,2024-07-07T00:00:00,
CUST-891C03D4,leahwilliams@example.org,Mohamed,Thomas,512 966 706,FR,Goëngahuizen,,2023-06-06T00:00:00,
CUST-7BD6DCAF,flavioleone@example.com,Krystian,Mendez,0806870146,FR,Finsterwalde,,2024-07-09T00:00:00,
CUST-AAEF10C9,webersabine@example.net,Sante,Basista,0532205930,NL,Police,"Strada Gioffre, 4",2024-02-03T00:00:00,
CUST-709FBF8C,sophie22@example.org,Olga,Babbo,+39 0922378420,ES,New Jeffery,,2024-08-12T00:00:00,
CUST-D6E01FD7,trzpilksawery@example.org,Letizia,Junitz,8293218515,FR,Garbagna Novarese,"Incrocio Morena, 45",2024-02-04T00:00:00,
CUST-C9C62413,ujaentsch@example.net,Edu,Vollbrecht,001-996-490-2959x391,FR,Sestriere,"22, chemin de Cohen",2024-07-13T00:00:00,
CUST-90E8DBBD,jason15@example.com,David,Cruz,+31(0)67 6586179,GB,Sauvage,,2023-10-07T00:00:00,
CUST-27B8D5B9,harrisstanley@example.com,Liam,Donati,+31(0)18 1599706,FR,Ebermannstadt,3368 Guerrero Hills,2024-11-26T00:00:00,
CUST-FBD6386B,girardanais@example.net,Marcin,Ward,+31497 310324,NL,Wattsport,Quintyweg 186,2023-05-11T00:00:00,
CUST-DC837B44,reinhilde65@example.org,Aleksander,Sabater,733 490 211,PL,Ahrntal,,2024-08-29T00:00:00,
CUST-11B2B8E9,chevalliertherese@example.net,Yasmin,Dorobek,04 57 16 08 98,ES,Wurzen,,2023-05-19T00:00:00,
CUST-550EF495,leonleszkiewicz@example.org,Augustin,Emmen,,FR,Heikant,Vogtallee 71,2023-12-02T00:00:00,
CUST-2D63A7F4,nienke48@example.com,Kristin,Heerschop,,IT,Feanwâlden,Carin-Zahn-Gasse 9/6,2024-01-24T00:00:00,
CUST-F84C69F5,sam79@example.net,Piotr,Hofmann,+31(0)996 065307,FR,Albacete,"Contrada Strangio, 83 Piano 4",2023-03-25T00:00:00,
CUST-44A20639,lieshouttijs@example.org,Lara,Banek,,DE,Macine,,2023-12-25T00:00:00,
CUST-7C1A0367,jockelinge@example.net,Ian,Thompson,+33 (0)3 84 07 05 34,BE,Centro,Levipad 9,2023-02-11T00:00:00,
CUST-3CE58C36,lidiamusiala@example.net,Matteo,Heser,0121 496 0060,DE,Gadebusch,"74, rue de Valette",2023-01-21T00:00:00,
CUST-B547C081,pbuck@example.org,Jeffrey,Llopis,+31(0)574-374896,GB,New Cherylstad,Cuesta Bernardo Navarrete 55 Piso 4 ,2023-04-28T00:00:00,
CUST-C30EF6B7,dianesalmon@example.org,Linda,Uphus,,ES,Starnberg,al. Środkowa 609,2024-01-13T00:00:00,
CUST-47DCAE7D,monique38@example.net,Maurycy,Domínguez,+49(0)1724 82513,IT,Limonta,,2023-04-28T00:00:00,
CUST-BEC168DA,xmunoz@example.com,Abigaíl,Jones,,FR,Ballhaven,"Studio 46
Derek dam",2024-08-15T00:00:00,
CUST-C5A1A847,anouk97@example.org,Sophia,Wulff,(0161) 4960525,ES,South Joshuaburgh,Folker-Schmiedecke-Straße 7-7,2024-01-20T00:00:00,
CUST-B54C2EB3,cfurgal@example.net,Nath,Angeli,+39 012403354,DE,Varsseveld,Calle Marc Manso 98,2024-12-08T00:00:00,
CUST-694A41AB,vchigi@example.com,Luisa,Gaillard,0332 309821,ES,Ceriano Laghetto,Emmabaan 100,2023-11-05T00:00:00,
CUST-E492DE2D,hwilliams@example.net,Ainoa,Haering,661-384-9926x1891,DE,Ryanborough,Ronda de Manolo Cueto 9,2024-08-02T00:00:00,
CUST-E75DE524,karinapabis@example.org,Alexander,Walker,,FR,Legnica,143 Scott hill,2024-01-15T00:00:00,
CUST-AC860356,gayllon@example.org,Melissa,Mazzeo,+3110 0225579,DE,Huesca,,2024-03-06T00:00:00,
CUST-5F590A06,damianopiccio@example.com,Jeremi,van Opper-Lotharingen,+31(0)12 0216979,BE,Piotrków Trybunalski,Nintheweg 277,2024-10-12T00:00:00,
CUST-93B7FF7B,ewilliams@example.com,Alberico,Laroche,+39 077137562,DE,Norden,Jungferplatz 94/40,2023-06-30T00:00:00,
CUST-73AF79F6,fouwerkerk@example.com,Anita,Kopij,+48 535 170 166,FR,Port Christopherport,"65, rue De Sousa",2024-07-05T00:00:00,
CUST-2863270D,tortese@example.com,Lewis,Bernard,,NL,Terralba,Calle Teófila Córdoba 72 Apt. 49 ,2024-08-29T00:00:00,
CUST-4B11380F,georgescarlier@example.org,Rafał,Canil,,NL,Benningbroek,"Studio 9
Dawn avenue",2023-03-30T00:00:00,
CUST-50EE2AFA,eroberson@example.net,Hella,Wagenknecht,+49(0)6995 866934,IT,Nieuwerkerk aan den IJssel,Vial Seve Vila 68 Puerta 8 ,2024-08-06T00:00:00,
CUST-3B34FD53,marcferrand@example.net,Jacinta,Chiappetta,,DE,Wanzleben,"Studio 79
Davies ville",2023-11-29T00:00:00,
CUST-E722E73D,halberto@example.org,Oscar,Santiago,,IT,Hamel,Fiebigallee 4,2023-12-15T00:00:00,
CUST-9EE13FF7,pelletiersylvie@example.com,Amber,Bernier,,NL,Ilpendam,C. de Sigfrido Milla 500,2024-07-23T00:00:00,
CUST-9DA128FC,ojean@example.net,Margherita,Diallo,0612122816,DE,Ramirezview,Adolphring 32-60,2024-02-21T00:00:00,
CUST-A14092D9,tracy98@example.com,Lindsey,Trincavelli,+33 2 14 82 68 86,ES,Rossborough,"Contrada Galeati, 8 Piano 7",2024-10-23T00:00:00,
CUST-25DA680F,augustinnormand@example.com,Sara,Cooper,,DE,Melilla,"Piazza Malenchini, 5 Appartamento 8",2023-10-29T00:00:00,
CUST-3AF0E058,vanessajohnson@example.org,Mette,Martin,+31207 501102,FR,Ourense,"86, avenue de Lesage",2024-08-18T00:00:00,
CUST-76739015,pelligiada@example.org,Darlene,Davey,001-815-281-4491x476,FR,Słupsk,"58, rue de Léger",2024-07-17T00:00:00,
CUST-08AD803E,viscontitatiana@example.net,Fabian,Smith,,FR,Well L,"Flat 53
Howe vista",2023-09-15T00:00:00,
CUST-DF71CCDA,hans-eberhardhartung@example.net,Guillermo,Farrell,001-487-581-4141x39755,FR,Jasmineland,"67, chemin de Lemonnier",2024-07-02T00:00:00,
CUST-2C03E23B,mandy56@example.org,Lawrence,Mendès,,DE,Leermens,"Viale Scandone, 85",2024-05-10T00:00:00,
CUST-6BA4386B,holtnatali@example.org,Rémy,Wood,,IT,Port Bonniefurt,,2024-09-03T00:00:00,
CUST-DBF8E7A2,courtoisraymond@example.net,Krystian,Perini,0258788165,DE,Port Tamara,Freudenbergerplatz 175,2023-08-21T00:00:00,
CUST-3C15FB1E,egrondin@example.com,Gianpaolo,Barnett,,ES,San Polo Matese,ul. Mickiewicza 51/84,2023-05-10T00:00:00,
CUST-70F1421E,renatopinedo@example.com,Georgia,Peñalver,04 89 57 79 08,GB,Eckernförde,chemin de Lecomte,2024-12-15T00:00:00,
CUST-6EFB67BD,gilbertklotz@example.net,Irene,Legros,+39 0824773920,IT,New Brittany,Bertram-Geisel-Ring 186,2023-04-16T00:00:00,
CUST-2B031C3B,gasconvidal@example.net,Karina,Hartmann,+31(0)929 842579,GB,South Emma,Hansjoachim-Preiß-Weg 3-2,2024-03-27T00:00:00,
CUST-DD9C5570,mschmiedecke@example.org,Colin,Galos,,FR,Sömmerda,,2024-05-04T00:00:00,
CUST-948C0E0C,czwijsen@example.net,Kyan,Garbacik,+3199-1624731,GB,Córdoba,,2024-08-13T00:00:00,
CUST-E0D900CB,lacombenoemi@example.org,Maria,Brooks,0555512694,DE,Ourense,,2024-07-30T00:00:00,
CUST-CEEBB56D,giulia63@example.com,Kajetan,Zacchia,734 956 213,DE,Bartoszyce,Andrea-Kühnert-Ring 2,2024-07-25T00:00:00,
CUST-6B657029,garretmaya@example.org,Justyna,Collins,0228906698,IT,Vizcaya,Atzlerplatz 4/1,2023-08-20T00:00:00,
CUST-810F938E,margotda-silva@example.com,Marcelle,Cantrell,+44(0)118 4960656,PL,Zurich,"2, boulevard Jacquet",2023-11-01T00:00:00,
CUST-19FD5AE1,patrizia43@example.net,Cécile,Aeije,,FR,La Rioja,451 Hawkins via,2024-09-27T00:00:00,
CUST-595B7348,kpi@example.com,Olivie,Sauli,+48 690 714 163,DE,Pasquier,"Borgo Luna, 26",2023-08-01T00:00:00,
CUST-ADBA4037,maks39@example.com,Trude,Didier,,DE,Guyon,,2023-09-03T00:00:00,
CUST-B48E630E,lucas33@example.org,Ermanno,Baldwin,(029)2018790,DE,Watsonmouth,al. Jarzębinowa 46/39,2024-04-06T00:00:00,
CUST-C154CE9D,putzluisa@example.com,Rozalia,Shaw,+31(0)71 8750036,DE,Lindaview,Julius-Mude-Weg 85/72,2023-10-23T00:00:00,
CUST-69F7F74B,wbonnin@example.com,Silvia,Scholten,,GB,Piotrków Trybunalski,Irmingard-Hiller-Platz 7-4,2024-12-04T00:00:00,
CUST-B50162D9,wilfriedanders@example.org,Alyssa,Schuchhardt,054748906,IT,Port Jonathan,"Studio 54x
Moore valleys",2024-08-26T00:00:00,
CUST-19933485,alex61@example.com,Hortense,Zahn,,FR,Guadalajara,,2024-07-11T00:00:00,
CUST-16C6DD63,fsoczowka@example.com,Abigaíl,Geisel,,FR,Pozzuolo Del Friuli,,2023-05-26T00:00:00,
CUST-1153156E,erhoutjay@example.com,Thomas,Maderno,+34 944 47 59 87,FR,Gieterveen,Jacqueline-Heinz-Allee 2/4,2024-08-05T00:00:00,
CUST-5320BB2E,gdobes@example.org,Krystyna,Johnson,+31149 216433,GB,Santa Cruz de Tenerife,Andy-Beer-Allee 85/97,2023-11-08T00:00:00,
CUST-0F99EE49,scepeda@example.net,Danielle,Goworek,057-8317456,GB,Granada,254 Nichols Spurs,2024-05-20T00:00:00,
CUST-9D11BEBA,awijata@example.com,Edelmira,Robert,+39 0736866326,NL,Las Palmas,,2023-11-27T00:00:00,
CUST-EADEFAFC,roland84@example.com,Dominique,Clayton,+34827 79 74 97,DE,Moreau,Hans-Gerd-Dobes-Ring 3/8,2024-11-21T00:00:00,
CUST-2BF8527C,christophersmith@example.org,Pierpaolo,Valentín,36305120412,BE,Weber,367 Joan Bypass,2024-11-19T00:00:00,
CUST-72981BBA,xguyon@example.org,Christelle,Tielemans,+39 3516088144,IT,Colognola Ai Colli,avenue Germain,2023-06-29T00:00:00,
CUST-99BFE8F0,laurarichards@example.com,Alain,Perkins,+48 799 251 327,PL,Kayleighton,281 Tony Island Suite 730,2023-07-05T00:00:00,
CUST-574E0493,karlijn24@example.org,Monika,Trillo,+33 4 87 57 49 82,IT,South Bryan,Plaza de Maura Velasco 12 Puerta 5 ,2023-04-04T00:00:00,
CUST-17441AB8,michelle18@example.com,Édith,Szajner,(04565) 118102,FR,Flöha,"Flat 10
Moss pine",2023-04-18T00:00:00,
CUST-F768C5BD,pazosismael@example.net,James,Bègue,22 170 58 65,ES,Allisonland,Pasadizo Cleto Cadenas 78,2023-10-23T00:00:00,
CUST-9519129F,edithdescamps@example.org,Britt,Gruijl,36661228625,IT,Lavenone,"Rotonda Giunti, 686 Piano 0",2023-02-07T00:00:00,
CUST-255E7B48,caitlin82@example.com,Kevin,Benoit,+39 324488899,FR,Kellyberg,Urbanización José María Mas 7 Puerta 3 ,2024-02-18T00:00:00,
CUST-C64B3B0E,pamela27@example.net,Marilyn,Arcos,+31055 661390,DE,Beverwijk,,2024-07-09T00:00:00,
CUST-AFE934B0,montanacalista@example.net,Mato,Brunet,+1-367-999-8136x46225,GB,Bakerfurt,Xavisteeg 76,2024-09-29T00:00:00,
CUST-83149781,patrickguerin@example.com,Nathan,Clark,,IT,Rohel,,2023-07-28T00:00:00,
CUST-CE7DEAA0,franco55@example.net,Kayla,Killer,+48 722 703 352,FR,Lake Alexanderbury,,2024-12-16T00:00:00,
CUST-AF5331C9,alex51@example.com,Natasza,Rivera,+33 3 89 87 92 06,ES,Georgeport,"840, rue de Mercier",2023-09-03T00:00:00,
CUST-C0702953,iris51@example.org,Rufina,Oosterhout,,DE,Ven-Zelderheide,"Studio 9
Christian flat",2024-02-22T00:00:00,
CUST-6F74C43B,gajownikwitold@example.net,Nazario,Dubik,+49(0)5554384046,PL,Jeremiahmouth,Kayleighring 93,2024-04-17T00:00:00,
CUST-D4E8C672,elifkathagen@example.com,Virginia,Salandra,+49(0) 298324826,DE,Hersbruck,5 Robert track,2023-10-26T00:00:00,
CUST-D12F4287,tpolesel@example.com,Evaristo,Gautier,,NL,Auerbach,Urbanización Jacinta Amo 81,2024-04-28T00:00:00,
CUST-4477EAB3,ptrub@example.com,Monica,van Tuijl,602 330 604,FR,Homoet,"3, boulevard Claudine Lagarde",2024-09-05T00:00:00,
CUST-D903B145,bgradenigo@example.com,Cathy,Tillmanno,081 7703886,NL,Blackton,"56, avenue Jacques Briand",2023-10-10T00:00:00,
CUST-7643BC53,villanuevavera@example.org,Aniela,Wood,,FR,Port Fiona,,2024-06-03T00:00:00,
CUST-F933661D,ulehmann@example.com,Harold,De Sousa,(0118) 4960521,IT,Lake Barbarastad,"Studio 89k
Walton cape",2024-08-24T00:00:00,
CUST-A5617322,carola22@example.org,Krystyna,Barnes,+34 972 421 230,NL,Lleida,pl. Słoneczna 73/39,2024-04-02T00:00:00,
CUST-A7E7225F,cwyroba@example.org,John,Galiano,(620)750-2099,GB,North Helenburgh,Waltraud-Meyer-Allee 50/61,2024-07-10T00:00:00,
CUST-F7F78A37,wboito@example.com,Iain,Cieciura,,NL,Hughhaven,Evybaan 9,2024-12-15T00:00:00,
CUST-414DA049,mwood@example.net,Teófilo,Guidotti,,NL,Colleponi,al. Kreta 34/30,2024-02-25T00:00:00,
CUST-0CDAB2B0,hallterence@example.net,Susanne,van Asten,258-330-3441x44885,ES,Portichetto,Jordypad 770,2024-01-26T00:00:00,
CUST-30DCE2FE,ofoerster@example.com,Romolo,Coolen,+34918 80 39 55,NL,West Robert,,2023-06-05T00:00:00,
CUST-8FB02AF3,kudinesi@example.net,Johannes,Taylor,+34910461735,GB,Biała Podlaska,,2024-08-27T00:00:00,
CUST-E9813A0E,jerome15@example.org,Éric,Małocha,582.235.7845x2182,NL,Nysa,09 Brett mountain,2023-04-13T00:00:00,
CUST-6B42AD38,meyerdonna@example.com,Becky,Gallego,+39 0424448572,IT,Celle,85854 Sherry Unions,2024-02-24T00:00:00,
CUST-4ADD80A3,francisco-javierbelda@example.com,Adriana,Szałas,+49(0)7016016629,DE,Turek,"Borgo Ubaldi, 7 Piano 1",2023-09-29T00:00:00,
CUST-5BD0C366,roksana73@example.org,Natascha,Parra,+31(0)55 7701715,ES,Malbork,Schleichstr. 781,2023-12-03T00:00:00,
CUST-7D8A5179,suzanne14@example.net,Blanka,Passchiers,+33 6 98 61 53 96,FR,Woudenberg,"Canale Gemma, 269",2023-11-21T00:00:00,
CUST-25BB55D8,znoble@example.org,Lydia,Verbruggen,,GB,Kętrzyn,,2024-07-08T00:00:00,
CUST-FFFF9743,robinsondominic@example.net,Katherine,Mentzel,+34943 997 335,ES,Las Palmas,"Vicolo Tullio, 192",2023-10-22T00:00:00,
CUST-16666E0F,warnerlori@example.com,Lawrence,Young,+31666-683272,FR,Jacobboeuf,Noraweg 20,2023-04-11T00:00:00,
CUST-EEF7D86A,connorholly@example.net,Zeynep,Caspar,(06796) 92786,DE,Kutno,"Incrocio Claudia, 479",2023-06-20T00:00:00,
CUST-D5499E67,barillaroantonella@example.com,Costanzo,Maciejewicz,,DE,Lake Kerry,Pasadizo Tania Borrego 27 Puerta 8 ,2023-02-27T00:00:00,
CUST-E1520CF9,nunezbienvenida@example.org,Agnieszka,Pasiak,05844420990,DE,Augustów,Walterstr. 4,2024-06-27T00:00:00,
CUST-60C1C5D8,cyganikdorota@example.org,José Antonio,Schmiedt,,DE,Córdoba,292 Wood Extensions,2023-06-29T00:00:00,
CUST-A73CF43D,amadaescriva@example.net,Matthew,Morgan,06637 239504,ES,East Gillianfurt,al. Sybiraków 36/67,2023-09-04T00:00:00,
CUST-B0859FE8,bernardaroyo@example.org,Áurea,Nogieć,,DE,Casalduni,"Studio 9
Goodwin grove",2024-10-15T00:00:00,
CUST-93ECE921,abbie96@example.com,Nath,Dijoux,+39 0565800101,DE,Starogard Gdański,"44, rue Legendre",2024-04-21T00:00:00,
CUST-900A06EF,singhsylvia@example.org,Lindsey,Hopkins,0921244717,DE,Tarragona,"Strada Guido, 66 Piano 4",2024-03-28T00:00:00,
CUST-CA0BE3A0,fbohnbach@example.org,Jip,Siekierka,06391 74101,FR,Katietown,plac Szczęśliwa 06,2024-03-10T00:00:00,
CUST-6BC89F12,juanamurcia@example.com,Zachary,Wajer,+31(0)183-067198,FR,Ghiare,,2024-01-29T00:00:00,
CUST-CE8588EB,obaquero@example.net,Claire,Botticelli,32 432 80 63,FR,Badajoz,"Canale Raimondo, 2 Appartamento 9",2024-01-03T00:00:00,
CUST-275EA1B9,ypakosz@example.net,Angelina,Szybiak,205-406-1387x82931,FR,Wyszków,,2024-11-05T00:00:00,
CUST-0A1DE429,nmeadows@example.org,Martine,Austermühle,(00417) 92911,NL,Wrightbury,56 O'Neill spur,2023-02-20T00:00:00,
CUST-FE8DA32C,marzena30@example.net,Micha,O'Neill,0258273902,NL,Hobbstown,ulica Krótka 19,2023-10-21T00:00:00,
CUST-6828692D,stamarit@example.org,Guy,Zabala,+48 513 290 927,IT,Damienchester,18195 Steven Road,2023-08-13T00:00:00,
CUST-DDDCDC72,bernard31@example.org,Sonia,Freudenberger,2543364597,ES,East Kristen,,2024-11-06T00:00:00,
CUST-D752DCB5,matykamarek@example.net,Tola,Pucci,0371153136,DE,VasseurBourg,ul. Letniskowa 39,2024-10-04T00:00:00,
CUST-06E8617C,tobiaszscibior@example.org,Eryk,Jilani,0255090421,FR,Knurów,,2024-08-16T00:00:00,
CUST-FFD433F6,lindseywalter@example.org,Elisabet,Zobel,(08316) 873977,PL,Toledo,,2023-12-01T00:00:00,
CUST-1D5AA790,loekverbruggen@example.com,Jeanne,Ruppersberger,(300)278-0686x71773,DE,Hoek van Holland,Henckweg 80,2024-07-06T00:00:00,
CUST-6E71B088,julianasegovia@example.net,Tiffany,Hrabia,0257016580,GB,Valladolid,Alameda Magdalena Ballesteros 250,2023-10-07T00:00:00,
CUST-54C9933D,vigo90@example.com,Federico,Moore,+33 4 80 38 17 93,NL,Benard,Calle de Bernardino Peralta 87 Puerta 8 ,2024-05-08T00:00:00,
CUST-0327104B,rellis@example.net,Vito,Bodoni,02 32 16 24 11,NL,Calw,,2023-04-28T00:00:00,
CUST-6D84F4BA,nflantz@example.net,Kelly,Mühle,0775043106,IT,Sueglio,al. Żwirowa 24/24,2023-08-20T00:00:00,
CUST-5D4E53BB,sguichard@example.org,Nikolas,Sarmiento,(02842) 222310,BE,Bovalino Marina,al. Moniuszki 80,2024-07-24T00:00:00,
CUST-BE858BCB,enrico57@example.net,Antje,Carrión,,DE,Velazquezberg,ul. Słoneczna 88/54,2024-07-03T00:00:00,
CUST-9DBC092A,anita29@example.net,Natan,Chandler,(781)340-6937,IT,Riolo Terme,"434, rue Tanguy",2023-09-26T00:00:00,
CUST-F6DD6655,darlakkamila@example.org,Alex,Kerr,03716565054,PL,Bielawa,767 O'Brien stream,2023-04-21T00:00:00,
CUST-494E7B8B,ljansdr@example.net,Gareth,Bailly,+48 22 851 96 10,ES,Langeweg,Josephinestraat 32,2024-07-28T00:00:00,
CUST-D2AC35DB,chloe70@example.com,Ana,Dzierwa,9245471462,ES,Port Joshualand,"Contrada Silvestri, 35 Appartamento 82",2024-10-12T00:00:00,
CUST-0B4E1368,gottlieb04@example.com,Fleur,Bellò,,FR,Melilla,,2024-02-23T00:00:00,
CUST-8BBB2B9B,teresaakhtar@example.org,Beata,Mercadante,,DE,Soria,"Via Andreotti, 678",2024-05-19T00:00:00,
CUST-0FCCE600,claudiogaito@example.org,Véronique,Vaillant,+44(0)141 4960711,GB,Neubrandenburg,"Via Roth, 12 Appartamento 2",2024-02-02T00:00:00,
CUST-8CB88A2F,gilbert32@example.org,Jaylinn,Hamilton,32 603 10 89,IT,Wilsonview,0119 Briana Flats,2024-07-07T00:00:00,
CUST-DDE87AA4,angelo12@example.net,Cruz,Niggli,09389 11908,DE,Carre,Stefanie-Hamann-Weg 35-89,2024-02-29T00:00:00,
CUST-7A4D323C,owenrobinson@example.com,Denise,Cordier,,ES,Harrymouth,54 Jake islands,2023-10-14T00:00:00,
CUST-F75068D7,siwczakryszard@example.com,Jacinta,Twardosz,063-1752071,FR,Schijndel,,2023-08-30T00:00:00,
CUST-29C11DFF,wilkinsjoanne@example.net,Leslie,Evans,0356961367,ES,Valladolid,Isabelstraat 7,2024-07-11T00:00:00,
CUST-D9BB9C6E,maria-jesussanz@example.org,Tony,Klinger,,DE,Martinez,,2023-10-10T00:00:00,
CUST-94825DDD,burkedawn@example.net,Teresa,Verboom,,NL,Schwerin,877 Billy shore,2024-04-10T00:00:00,
CUST-C0C3DCCA,qandrejczuk@example.net,Paloma,Cisneros,,ES,Beardville,Nadinering 7,2023-01-22T00:00:00,
CUST-A241DB86,thompsondonna@example.com,Adolfine,Hulskes,,AT,Madrid,"Studio 88K
Jones walk",2024-08-01T00:00:00,
CUST-46892E5F,kreinjorge@example.com,Fatima,Lovato,,GB,Pescocanale Di Capistrello,55905 Davis Key,2024-08-23T00:00:00,
CUST-B81792A8,dnicolucci@example.net,Paul,Jourdan,+34 823 14 15 20,FR,Ceriano Laghetto,pl. Dojazdowa 407,2023-06-01T00:00:00,
CUST-4A231E23,nicholas65@example.net,Wendy,Marshall,0798529456,FR,BousquetBourg,"50, avenue de Jean",2023-05-29T00:00:00,
CUST-3B77F72A,wrightabdul@example.org,Marianna,Perrot,+44(0)28 9018484,IT,Wessem,,2023-04-23T00:00:00,
CUST-A1CFD96E,pierluigipignatti@example.com,Krystyna,Bähr,(07374) 896908,DE,Pinto,,2023-09-01T00:00:00,
CUST-E8201C8A,gerardweinhold@example.net,Rafaela,van 't Riet,+39 3517364429,FR,Ingelum,0 Dylan mountain,2023-05-10T00:00:00,
CUST-E74C35EC,pmidura@example.org,Hugues,Cerezo,348-820-7001x594,IT,Valliera,Finnstraat 818,2024-05-02T00:00:00,
CUST-F97690AD,pbosch@example.net,Terry,Pellico,03 65 21 23 47,GB,Klazienaveen-Noord,515 Wells Gateway Suite 257,2024-04-07T00:00:00,
CUST-F487C984,alessandro90@example.net,Hannah,Fleury,051-8376064,DE,Valladolid,"82, chemin de Gosselin",2024-11-05T00:00:00,
CUST-66144A4C,scheernoa@example.org,Natasza,Vermeulen,+3124 8156985,BE,Białogard,272 Richard Road,2023-03-04T00:00:00,
CUST-0D840B6C,coral11@example.org,Diane,Scheibe,+31772-429543,FR,Owenfurt,Tessbaan 93,2023-04-21T00:00:00,
CUST-F7A0B33A,sryan@example.org,Richard,Rippey,+49(0)5291 086771,DE,Aubert,,2023-03-24T00:00:00,
CUST-5D44BA33,margarita76@example.org,Nienke,Brunel,0345626204,DE,Salamanca,aleja Wypoczynkowa 71/07,2024-10-01T00:00:00,
CUST-D361F020,yvette63@example.net,Jolijn,Remmers,0115 496 0800,FR,Castel Dei Britti,pl. Turkusowa 00/48,2024-09-03T00:00:00,
CUST-7A7C27AA,zoey65@example.org,Beverly,Doménech,797 215 862,ES,Guadalajara,,2023-04-12T00:00:00,
CUST-C349AF36,victormcpherson@example.com,Puccio,Lago,+34 984562572,ES,Radom,"4, rue Lelièvre",2024-07-18T00:00:00,
CUST-4FAE7B09,julietasolera@example.com,Olivia,Alexander,+48 537 121 513,GB,Cáceres,Pasadizo María Fernanda Escribano 41,2023-08-22T00:00:00,
CUST-310E22CA,wieclawekkornel@example.org,Isa,North,+44(0)808 1570520,FR,Holdenfort,pl. Orkana 50,2023-04-08T00:00:00,
CUST-25DBFF24,nicole23@example.org,Mohamed,Manning,+31642 361032,FR,Pingjum,Cañada Amor Rosell 39,2023-06-06T00:00:00,
CUST-1C2FD2D3,paceubaldo@example.org,Adrianna,van Ooste,,DE,Ávila,,2023-03-29T00:00:00,
CUST-8878E011,fabienne26@example.net,Dirk,Palmer,+48 783 278 814,IT,Oświęcim,"Flat 22R
Gray pike",2023-05-14T00:00:00,
CUST-628BCEB1,ecrin08@example.org,William,van Arkel,+44(0)151 4960945,GB,Vizcaya,722 Williams Mall,2023-12-04T00:00:00,
CUST-9D1A9CDA,diana77@example.net,Néstor,Hahn,+49(0)9416 800610,NL,Mittweida,Faystraat 641,2024-03-09T00:00:00,
CUST-373E7C84,alexgrein-groth@example.org,Heather,Michel,02 77 36 83 14,BE,Kalisz,,2024-09-06T00:00:00,
CUST-47E703D5,hlinek@example.org,Joana,Jany,507 933 496,GB,Alanchester,Bensingel 7,2023-06-08T00:00:00,
CUST-92656AD0,stanislawstarosciak@example.org,Eline,Visconti,+441184960671,DE,Brodnica,"Piazza Cusano, 643 Appartamento 89",2024-07-23T00:00:00,
CUST-86A092DD,isa66@example.net,Natalia,Skiepko,(03417) 223297,GB,Hewittfort,Paseo Asdrubal Alfaro 64,2024-03-15T00:00:00,
CUST-A6F585EE,mariolapaffrath@example.org,Tom,Heijmans,+33 (0)3 68 74 55 08,IT,Tarragona,71 Kathryn ridge,2024-09-20T00:00:00,
CUST-B2D5731E,osullivanmohammed@example.net,Russell,Crispi,+34 971 87 12 55,ES,Flöha,ul. Gajowa 548,2024-11-04T00:00:00,
CUST-3A3971CD,hethurpero@example.net,Rafael,Fernandes,(026) 6678507,DE,Weißenfels,56 Tracy circle,2024-12-20T00:00:00,
CUST-4652C778,kamperroos@example.net,Tiffany,Rius,055-0489267,FR,Ferranddan,"Contrada Calcedonio, 78 Piano 3",2023-07-05T00:00:00,
CUST-BAD99C01,maria52@example.org,Pamela,Hernández,+34 949 810 548,FR,Pieve Di Rivoschio,4907 Bird Valley,2023-05-26T00:00:00,
CUST-00E43C87,theophile49@example.net,Inken,van den Eijssel,,DE,Sainte Diane-sur-Mer,"Via Lara, 6 Appartamento 6",2024-06-27T00:00:00,
CUST-DB530EE3,adriannarajchel@example.com,Elize,Roosenboom,+48 736 776 228,FR,Waren,plac Częstochowska 13/77,2024-01-14T00:00:00,
CUST-CFAF1269,sherrywood@example.org,Felix,Charlton,,PL,Melilla,,2024-09-02T00:00:00,
CUST-7592940F,koehlerleo@example.com,Macario,Faryna,,DE,Rudolstadt,,2024-09-24T00:00:00,
CUST-43CE1969,strijkerpleun@example.com,Jules,Borczyk,+441914960510,FR,Terheijden,C. de Aitana Cazorla 88 Piso 7 ,2024-03-10T00:00:00,
CUST-F99164EE,dietmar99@example.com,Lars,Visser,,FR,Fitzgeraldland,Rörrichtweg 28,2024-06-08T00:00:00,
CUST-D4605880,colasdorothee@example.org,Nela,Martinez,+49(0)4339718956,FR,Atkinstown,"Incrocio Alfio, 26 Appartamento 8",2024-11-25T00:00:00,
CUST-4C4B637F,gervasiojaume@example.org,Leonhard,Krabbe,+1-652-800-4615x265,FR,East Shaneshire,"286, rue Timothée Barthelemy",2023-08-14T00:00:00,
CUST-0C58E01C,van-rossumbart@example.com,Alfred,Cadenas,+33 4 63 96 71 83,DE,Plauen,Röhrichtstraße 0,2023-11-05T00:00:00,
CUST-33662DC8,leon00@example.com,Elba,Pinto,+39 0958402891,IT,Dussen,,2023-10-24T00:00:00,
CUST-F423F9FB,polina63@example.net,Valentina,Gussoni,,IT,Mielec,"45, boulevard Vincent Durand",2023-06-29T00:00:00,
CUST-B1D3B4AF,schlosserwilly@example.org,Emily,van Straaten,+31180 715695,DE,Groessen,5370 Julia Trace,2024-07-26T00:00:00,
CUST-BBB5D16A,gregorio19@example.net,Nuria,Rey,880 479 303,DE,Dodewaard,Paseo Guillermo Echevarría 3 Puerta 1 ,2023-02-13T00:00:00,
CUST-18FAC2EB,sybille93@example.net,Gregorio,Braun,+34 973 06 05 66,DE,Soria,al. Przechodnia 30,2023-11-17T00:00:00,
CUST-66A72053,usanchez@example.org,Jordy,Bragadin,,ES,Lake Rodney,2 Kemp road,2024-03-03T00:00:00,
CUST-9851797F,jonespeter@example.net,Rosalia,Huertas,0161 4960350,BE,San Marco D'Alunzio,"Flat 7
Graham circle",2023-06-25T00:00:00,
CUST-133ADDE1,sedwards@example.org,Burkhard,Bakun,,NL,Asturias,046 Green terrace,2024-01-06T00:00:00,
CUST-562F6BAE,nisaarts@example.com,Victor,Goudriaan,+39 078385931,DE,New Malcolm,,2024-08-26T00:00:00,
CUST-F4B94955,tadeo79@example.com,Ingbert,Beyer,,NL,West Breanna,"Via Ruggiero, 519 Appartamento 0",2023-12-14T00:00:00,
CUST-2A2139B3,mcooper@example.net,Simone,Cook,,DE,Białogard,pl. Górnicza 946,2024-10-10T00:00:00,
CUST-7BEF7772,colucciosanti@example.org,Borys,Fowler,03 63 37 56 36,PL,Karlsruhe,0812 Alexander Roads,2023-12-24T00:00:00,
CUST-67961CA8,badogliogaetano@example.org,Félix,Charles,,ES,Rastatt,,2023-06-01T00:00:00,
CUST-5B29E980,louissimon@example.org,Visitación,Brown,,DE,Starnberg,"Flat 47
Lauren valleys",2024-09-08T00:00:00,
CUST-6D093660,vincentioritacca@example.net,Terence,Ehlert,+33 5 18 55 96 30,DE,Cousin-les-Bains,"Canale Natalia, 42",2024-10-05T00:00:00,
CUST-5C767E48,klinkoszapolonia@example.com,Telemaco,Komsta,0884777499,IT,Renaud,aleja Wyszyńskiego 669,2024-04-04T00:00:00,
CUST-B328AF09,jaroslaw81@example.org,Bryan,Madziar,+39 09507895676,ES,Lido,"Piazza Errani, 223 Piano 8",2024-10-01T00:00:00,
CUST-AB61970A,julian11@example.org,Angelo,Le Roux,,FR,Deschamps,Vial Rita Julián 5 Piso 5 ,2024-03-26T00:00:00,
CUST-5AE41AE0,ebakker@example.net,Norma,Oda,+33 6 63 89 87 75,FR,Roychester,Tomsteeg 5,2023-10-09T00:00:00,
CUST-76A85F34,leonwalter@example.org,Maks,Gatto,+31(0)68-4590902,DE,Reutlingen,,2024-04-17T00:00:00,
CUST-AE0705F2,zmathieu@example.org,Jonas,Siekierka,351841218,NL,Szczecin,Siegrid-Krause-Ring 2348,2023-03-20T00:00:00,
CUST-2D88F796,frosteliza@example.org,Mato,de Leeuw,+49(0)2867 163234,DE,Stroobos,Alma-Trubin-Allee 14-33,2024-08-31T00:00:00,
CUST-D195023A,madajczykblanka@example.net,Édith,Stradivari,+48 539 014 754,GB,Griendtsveen,Robinstraat 676,2023-02-12T00:00:00,
CUST-305A2753,kreuselhildburg@example.org,Hugues,Manzanares,+44(0)29 2018376,ES,Martinville,"Via Grimani, 18 Appartamento 67",2023-11-26T00:00:00,
CUST-FE324135,sennabrandt@example.org,Darío,Junken,,BE,Wołomin,ulica Szmaragdowa 37/27,2024-04-06T00:00:00,
CUST-DBB790B5,franciscoaleman@example.net,Edward,Casanova,+31(0)10 4275230,FR,GrenierVille,,2023-03-28T00:00:00,
CUST-7F44DE98,cmarshall@example.org,Brandon,Martel,0379310600,DE,Vezza D'Oglio,2 Samuel mall,2024-03-24T00:00:00,
CUST-27820BE0,brandon83@example.net,Élodie,van Dalem,+44(0)1174960315,ES,Villar Perosa,506 Stephen Circles Suite 950,2024-01-08T00:00:00,
CUST-EE66E685,victoriaatkins@example.net,Paweł,Hermann,+44(0)20 7496 0562,FR,Fortunago,,2023-12-13T00:00:00,
CUST-23870DEE,vboito@example.org,Fryderyk,Gaudin,,ES,North Christina,,2023-12-09T00:00:00,
CUST-69201756,frank63@example.net,Darren,Köster,,ES,Pruszków,"13, boulevard Hebert",2023-10-18T00:00:00,
CUST-60A6095D,gustavomercati@example.net,Abigail,Sire,855.733.8033,BE,Seelow,1302 David Extensions,2024-09-09T00:00:00,
CUST-8BDC6320,corinnechevalier@example.com,Fabian,Ullmann,+33 5 64 29 34 49,GB,Kłodzko,"61, avenue Jacques Georges",2023-05-25T00:00:00,
CUST-0D92241B,nsoroko@example.net,Lindsey,Nerger,001-966-614-9828x24674,ES,Wittem,aleja Południowa 73/23,2024-11-09T00:00:00,
CUST-76E0CFDE,hensleyjessica@example.com,Olga,de Roo,0832491609,PL,Zossen,Amysingel 506,2023-11-14T00:00:00,
CUST-9B1F5B97,lexvan-ooyen@example.org,Elvira,Terry,+49(0)9724 39920,FR,Lake Jacquelinefurt,26 Marshall parkway,2023-05-11T00:00:00,
CUST-8A0AD512,kim61@example.org,Paoletta,Heuser,04 66 02 70 11,IT,Waarde,,2024-12-02T00:00:00,
CUST-36F79934,kim62@example.org,Flavio,Gumprich,668 179 323,ES,Port Katherine,Via de Ruperta Delgado 5 Apt. 61 ,2024-06-04T00:00:00,
CUST-D68965F7,noguesamor@example.net,Christiane,Heczko,01134960040,DE,East Alexatown,Wesselpad 65,2023-08-08T00:00:00,
CUST-38EE0B7C,luchino35@example.net,Rowan,Hester,,DE,Alicudi,620 Misty Harbors Apt. 579,2023-05-21T00:00:00,
CUST-B4D37A2A,mbujas@example.org,Alderano,Beccheria,0459769157,IT,Loosdrecht,"98, rue Mahe",2024-06-03T00:00:00,
CUST-3601714F,ellie87@example.org,Oliwier,Dobosiewicz,+33 3 62 21 16 02,NL,Scerni,Cuesta de Tomasa Casal 88,2023-02-08T00:00:00,
CUST-8DADA434,francis99@example.org,Nicolò,van Embden,+33 3 89 14 11 15,ES,Sainte Gilbertboeuf,,2024-09-03T00:00:00,
CUST-2E7D6F36,the-eldercas@example.net,Camille,van Breukelveen,38928993105,NL,Füssen,,2024-10-01T00:00:00,
CUST-8DBE2CEB,mchaber@example.com,Justine,George,+34981149737,FR,Almería,"Borgo Imelda, 732",2024-02-25T00:00:00,
CUST-E0EDB8D6,rrogers@example.com,Maria,de Leeuw,,BE,Lawrenceborough,Nathanstraat 4,2024-09-17T00:00:00,
CUST-63F8B1AA,aureliamatla@example.com,Aleks,Häring,,FR,Guyon,912 Clements Meadow Apt. 015,2024-06-30T00:00:00,
CUST-4663C630,mikolajsondej@example.net,Carla,Jorrisen,(001) 3674926,IT,Taylorfurt,Plaza de Dimas Carnero 2 Piso 8 ,2023-07-18T00:00:00,
CUST-5A094D58,costehenriette@example.net,Jacek,James,0764921518,AT,Viechtach,887 April Prairie Apt. 312,2024-04-17T00:00:00,
CUST-5C5BBC61,roehrichttimm@example.com,Simon,Ruppert,+33 2 32 84 01 18,GB,Murcia,Iwan-Jacob-Gasse 9/8,2024-03-04T00:00:00,
CUST-FE9563BE,utaesche@example.net,Clelia,Lagarde,029 2018030,IT,Ribeiro,,2023-05-22T00:00:00,
CUST-08921171,josettecourtois@example.org,Gustavo,Vollbrecht,+31844 626714,GB,Epse,,2024-01-16T00:00:00,
CUST-10199CAB,lombardnath@example.com,Michèle,Zarlino,,NL,Döbeln,"Piazza Gramsci, 4 Piano 1",2023-05-08T00:00:00,
CUST-2733325B,orsinimariano@example.com,Olena,Paris,,FR,South Tiffanybury,Jessesteeg 497,2024-06-09T00:00:00,
CUST-6DBFC719,beth94@example.net,Ema,Wheeler,06258896792,PL,Soria,Pius-Rosenow-Allee 1/6,2023-08-16T00:00:00,
CUST-4423A40F,dmunoz@example.org,Maks,Ornat,,PL,Las Palmas,"5, chemin Camille Robin",2024-02-29T00:00:00,
CUST-A6E88AA2,elliottcolin@example.org,Christopher,Ureña,(782)577-8816x09306,DE,Oconnellhaven,,2023-03-25T00:00:00,
CUST-EDB2D4ED,denispoulain@example.org,Arnaldo,van Vliet,+31(0)51 5381447,PL,Castellón,,2024-10-27T00:00:00,
CUST-2D58061C,trobinson@example.net,Savannah,Misztela,+39 0984754512,DE,Noordeinde,,2024-04-28T00:00:00,
CUST-A2D07346,jordanjames@example.net,Salvatore,Johnston,(443)676-5456,ES,Lynchmouth,Weinholdstraße 5,2024-04-04T00:00:00,
CUST-0D0BFDF9,aubertroland@example.org,Rico,Verhoeven,(437)741-6787,DE,Valkenburg,Veerleboulevard 2,2023-08-09T00:00:00,
CUST-45CAEF85,alicja03@example.org,Pomponio,Hamilton,+34 887 716 392,IT,Göttingen,"Studio 36m
Cole valleys",2024-06-24T00:00:00,
CUST-CFEF926B,roychambers@example.net,Hermann,Daniels,,DE,Veronicaberg,Dionbaan 6,2023-05-05T00:00:00,
CUST-961E661B,ivannavarrete@example.com,Stanisław,Carnotte,,IT,Cuenca,"Incrocio Gradenigo, 0 Appartamento 40",2024-04-13T00:00:00,
CUST-7B317535,mlosada@example.org,Joey,Tur,,GB,Stipes,Plaza Isabela Castillo 65,2024-07-02T00:00:00,
CUST-E282A55C,federicaleopardi@example.org,Dean,Clarke,,DE,New Abbieborough,,2023-05-28T00:00:00,
CUST-DB4A5016,eperrin@example.net,Leone,Krenc,+33 1 73 23 68 48,FR,Arezzo,aleja Wiejska 688,2024-08-07T00:00:00,
CUST-9252D540,carolhorton@example.org,Artemio,Bauer,,DE,CostaBourg,Rörrichtallee 7-5,2024-01-05T00:00:00,
CUST-A26DFBB3,adrienleroux@example.net,Jeanne,Suarez,+48 608 443 448,GB,East Jordan,"3, rue Richard Roux",2024-06-03T00:00:00,
CUST-A9466F91,elisabethferreira@example.org,Elvira,Mocenigo,01632 960 842,GB,Loppersum,"Rotonda Giancarlo, 12",2024-10-12T00:00:00,
CUST-315CBDB9,noortje98@example.org,Borys,Ioppi,02 96 73 65 27,IT,Claytonburgh,Vollbrechtplatz 1/5,2024-01-01T00:00:00,
CUST-852B5668,margretkreusel@example.net,Daniel,Boucsein,,IT,Kamerik,ul. Jana Sobieskiego 20/91,2024-10-05T00:00:00,
CUST-ABF71A68,hbezemer@example.org,David,Phillips,,IT,Port Danielmouth,7 Sharp inlet,2023-05-17T00:00:00,
CUST-A272455F,pcostalonga@example.org,Eulalia,Brown,284-518-6203,IT,Oud-Alblas,Heckerweg 2-8,2023-06-29T00:00:00,
CUST-BC339000,haufferedgar@example.com,Beppe,Casale,+39 3509092269,AT,Ferwert,Via de Kike Valera 24 Apt. 22 ,2024-05-05T00:00:00,
CUST-A9256326,ottaviosabbatini@example.net,Krzysztof,Whitehead,,DE,Ávila,"Incrocio Mauro, 867",2024-04-13T00:00:00,
CUST-3CE68FB9,ramazanlindner@example.net,Julita,Dobroń,02 30 96 89 31,IT,Bernard,boulevard Christelle Lucas,2023-02-12T00:00:00,
CUST-99B62F34,walkerrebecca@example.org,Édgar,Rohleder,(033) 0212606,FR,Castellaro Nel Frignano,,2024-07-10T00:00:00,
CUST-FA091523,jonesmarilyn@example.org,Dylan,Budig,+33 (0)1 43 96 22 72,ES,La Rioja,"Contrada Costantino, 0 Appartamento 70",2023-10-20T00:00:00,
CUST-EF9D2971,anita84@example.net,Audrey,Heydrich,,NL,Stewartberg,"703, boulevard Texier",2023-12-06T00:00:00,
CUST-7F960E39,pjones@example.net,Meike,Konings,(663)441-1159x503,FR,East Jodietown,Calle Jose Angel Leon 1,2024-02-14T00:00:00,
CUST-26086E08,wawryniukjedrzej@example.org,Adán,Lombroso,(0565) 215681,FR,Rottweil,Maximdreef 71,2023-07-11T00:00:00,
CUST-7370CEE7,robinmann@example.net,Kristine,Otto,,PL,Fagare',,2024-06-15T00:00:00,
CUST-2CC4D07F,klaus-peter59@example.com,Pamela,Pastoors,+33 (0)2 90 97 10 24,FR,Greenmouth,Cetin-Holt-Weg 25/31,2024-03-16T00:00:00,
CUST-0385CA2F,lidia47@example.net,Teresa,Page,,GB,Białystok,"Incrocio Cerutti, 65 Piano 8",2023-11-25T00:00:00,
CUST-1A3E024D,maciej90@example.net,Martine,Moore,01214960629,FR,Broek in Waterland,"61, avenue Lucy Joubert",2024-04-01T00:00:00,
CUST-E6ACCA3B,szczudlogrzegorz@example.net,Patricia,Mansveld,+31155-973714,ES,Katowice,Filiz-Hamann-Ring 9,2023-12-26T00:00:00,
CUST-5F9EE58B,wolzaklot@example.com,Bruno,Lewis,001-564-642-1214x61476,PL,Bremervörde,Jaysonhof 677,2024-09-21T00:00:00,
CUST-076D3574,sklapp@example.net,Maya,Hoffman,,AT,Saint Tristanboeuf,2751 Baker Stravenue,2023-02-28T00:00:00,
CUST-3ED678EF,iharding@example.net,Elżbieta,Sims,,FR,Grenier-les-Bains,,2024-11-26T00:00:00,
CUST-1A3B901A,philipmercks@example.org,Mitchell,Antelami,+34 902 81 77 66,NL,Dipignano,,2024-11-25T00:00:00,
CUST-18C89CBB,florian27@example.com,Federigo,Riehl,+31(0)464-911110,DE,Den Ham,plac Dąbrowskiej 90/46,2024-10-22T00:00:00,
CUST-4E4C46D7,philippinede-sousa@example.net,Florian,Lelièvre,,GB,Gillianchester,Lizzyhof 44,2024-09-11T00:00:00,
CUST-023D57B0,pili63@example.org,Bastiaan,Johnson,05742963830,FR,Eemshaven,Roospad 26,2024-03-30T00:00:00,
CUST-A95188F2,lacombesuzanne@example.org,Julia,Rippey,03110609209,GB,Payneberg,ul. Norwida 34/38,2024-02-12T00:00:00,
CUST-E190E25C,qpires@example.net,Joshua,Schottin,+1-391-917-9112x4421,BE,Kastelruth,Loïsbaan 1,2023-01-27T00:00:00,
CUST-94DD7852,kuswiksandra@example.com,Emma,Pietrewicz,,FR,Hammelburg,990 Theresa Key,2024-07-29T00:00:00,
CUST-3FFB0B81,kwakangelika@example.net,Ángeles,O'Connor,+1-208-782-3513,ES,Borken,Nergerplatz 95,2023-08-08T00:00:00,
CUST-75B8AB04,bvalcarcel@example.net,Senna,Deschamps,,PL,Torgau,,2024-05-17T00:00:00,
CUST-66A3AE05,lcalderon@example.net,Fito,Mace,+48 517 694 591,DE,Ryptsjerk,"25, rue Arthur Gros",2023-06-26T00:00:00,
CUST-506F6C71,mmarin@example.net,Paride,Wilson,38025313521,DE,Haleymouth,"953, avenue Jacquet",2024-11-29T00:00:00,
CUST-9A230D08,francoisguilbert@example.com,Marion,van Duyvenvoorde,,ES,Paraggi,"8, rue Robert De Oliveira",2024-12-27T00:00:00,
CUST-9D79B707,pricegrace@example.com,Lenn,Mitchell,342.860.8805x017,NL,Guadalajara,"Stretto Matilda, 57 Piano 7",2023-06-11T00:00:00,
CUST-45F56482,marian10@example.org,Margaret,Döhn,044421358,ES,Baleares,,2024-01-06T00:00:00,
CUST-973AEAB5,charles59@example.com,Jovita,Etzler,,DE,Opole,Katarzyna-Sauer-Straße 91-48,2023-05-23T00:00:00,
CUST-3C92DC00,ustoch@example.net,Artur,Smith,+34 823 583 311,FR,Toruń,rue de Bigot,2024-08-09T00:00:00,
CUST-3FB74E95,yusufgrondel@example.com,Sylvie,Mazzacurati,+48 732 812 356,GB,Pruszcz Gdański,,2024-09-18T00:00:00,
CUST-A23B5CC4,eroche@example.com,Jayson,Calatayud,01130 724078,FR,Skierniewice,Acceso Tomás Garay 96,2024-05-05T00:00:00,
CUST-F818BC3A,bram74@example.com,Adam,van Breugel,,NL,Roche,Azrastraat 8,2023-03-17T00:00:00,
CUST-2C96F190,cadefauguusje@example.org,Gerald,Manning,001-843-818-1439,DE,Delfstrahuizen,"47, rue Perrot",2024-04-22T00:00:00,
CUST-AA2B998C,macarena01@example.org,Norbert,Picard,+39 03822572060,NL,Bischofswerda,,2024-07-18T00:00:00,
CUST-2F046271,scheibenikolaj@example.com,Tracy,Georges,+44(0)1134960094,BE,Gaudin-les-Bains,Leif-Wähner-Ring 97-55,2024-03-19T00:00:00,
CUST-96DBDBA6,dariusz70@example.com,Leocadia,Trapani,,NL,Elbląg,,2024-06-14T00:00:00,
CUST-CC5DE4B5,colomasegismundo@example.org,Ole,Malewicz,,FR,Traore-sur-Grenier,Laurenboulevard 61,2024-12-27T00:00:00,
CUST-4D03F492,laguila@example.com,Vanessa,Pepe,0430-985916,GB,Mława,"Piazza Telemaco, 97 Appartamento 54",2023-10-18T00:00:00,
CUST-763236E5,stephen70@example.org,Paola,Manning,,ES,Las Palmas,"Contrada Edoardo, 4",2024-07-18T00:00:00,
CUST-D35E92F8,luzferrandiz@example.com,Gregory,David,883 666 144,ES,Ourense,,2023-04-06T00:00:00,
CUST-06AE6416,maaike92@example.net,Philippe,Lindau,,PL,Schneider,"Studio 78
Nicola tunnel",2023-06-07T00:00:00,
CUST-77FCD612,jacquotaya@example.com,Tiziano,Scotti,0796670801,PL,Palencia,"Piazza Perozzo, 96",2023-12-12T00:00:00,
CUST-15AA2CD0,gosadam@example.com,Brett,Fuller,,NL,Szczytno,"Vicolo Gianna, 33",2023-01-30T00:00:00,
CUST-5CDEA50C,thibauttecher@example.com,Linda,Noël,0113 496 0291,IT,East Stuart,plac Dąbrowskiej 014,2023-09-29T00:00:00,
CUST-0744AC4C,ple-marec@example.net,Paca,Matula,,FR,Lanetown,Götz-Pergande-Allee 5774,2024-10-16T00:00:00,
CUST-7E124CAD,rowen@example.com,Jet,Hall,+31(0)047 196094,GB,Williamsstad,Hofmanngasse 958,2024-10-19T00:00:00,
CUST-63F38045,maryse86@example.net,Clive,Kitzmann,3402446177,IT,Tarragona,"Strada Beccaria, 2 Appartamento 67",2024-12-02T00:00:00,
CUST-7FC29595,francoisroger@example.net,Lily,Dennenberg,+1-941-801-7590x251,ES,Fallingbostel,Cañada de Jafet Fortuny 96 Apt. 19 ,2023-06-11T00:00:00,
CUST-2CE3F237,harrislisa@example.org,Matilda,van der Stael de Jonge,,DE,Jeffreyhaven,ulica Handlowa 855,2024-09-13T00:00:00,
CUST-25894CEF,mangoldstanislaus@example.net,Norah,Pearce,04117 30985,FR,Port Shelia,,2023-12-20T00:00:00,
CUST-BB689217,epallares@example.org,Carlito,Paul,,FR,Salamanca,740 Matthew Green,2024-07-29T00:00:00,
CUST-0D1BDE05,paulette02@example.org,Maria,Young,,DE,West Stevenchester,,2024-04-05T00:00:00,
CUST-D02B3CB3,rmay@example.net,Dalton,Jędraszczyk,0579743000,FR,Raynaudnec,66266 Darrell Crest Suite 535,2024-01-29T00:00:00,
CUST-362D68EF,pasmankyano@example.org,Jeremy,Ritter,001-530-610-2724x0559,BE,Neubrandenburg,4 Olivia squares,2023-06-13T00:00:00,
CUST-5AB139D0,renzomarazzi@example.com,Ruperta,Laine,+34 920 88 10 56,IT,Tczew,8 Stewart streets,2023-07-14T00:00:00,
CUST-6CF06427,guichardmonique@example.org,Tiffany,Fijałek,570 704 496,GB,Almería,Plaza de Rosalía Piñeiro 17 Apt. 36 ,2024-05-25T00:00:00,
CUST-5CEBA289,dreichmann@example.net,Amílcar,Aulenti,3929305960,DE,Lijnden,pl. Promienna 84/26,2024-02-07T00:00:00,
CUST-0095DE9B,adrianbondyra@example.com,Che,Pires,,DE,Ourense,Ravilaan 490,2023-12-28T00:00:00,
CUST-F0C3C214,shirley54@example.org,Marcelina,Gonzales,515 783 609,GB,Kathrynside,"Via Guglielmi, 34",2024-10-31T00:00:00,
CUST-EF4E76D2,ottilieschoenland@example.net,Jesse,Lopez,+48 695 083 044,DE,Amberton,"2, avenue de Marie",2023-04-21T00:00:00,
CUST-2953BB77,dennisrose@example.com,Cornelis,Schulten,+49(0)5955657490,IT,Bad Liebenwerda,Via Emelina Galán 98,2024-02-17T00:00:00,
CUST-4E38F60C,nicolobalbo@example.net,Ralf,Nolan,02 52 80 97 88,GB,Legionowo,Urbanización de Nando Herrero 83,2023-07-19T00:00:00,
CUST-649E1DA8,giustirenzo@example.net,Ravi,Parsons,+441314960793,FR,Szczecinek,"48, boulevard Margot Dos Santos",2024-04-06T00:00:00,
CUST-8DDCB978,nestor51@example.org,Stijn,Ruppert,+48 733 270 216,AT,Valencia,,2024-11-27T00:00:00,
CUST-DD87EB49,joshualee@example.org,Claus,Pieper,+31(0)52-6834155,DE,North Owenmouth,Maximsingel 229,2024-01-18T00:00:00,
CUST-2AE07C4D,thomaswright@example.com,Fryderyk,Rosiello,,PL,Bruchsal,"15, boulevard de Hardy",2023-05-28T00:00:00,
CUST-258645F4,nathan65@example.org,Attila,Perret,,GB,Badajoz,"Strada Ivo, 47 Piano 4",2023-02-16T00:00:00,
CUST-F6D5EB77,dorothywhite@example.org,Françoise,Baum,+1-883-907-0534,IT,Hamburg,67 Hopkins dam,2024-06-15T00:00:00,
CUST-D061A7FB,oteronieves@example.org,Nathalie,Mills,0783815063,GB,East Derrickfurt,"84, avenue Lemoine",2023-12-02T00:00:00,
CUST-9FD2CDA0,adrian31@example.net,Adrien,Dirksen,+48 669 320 649,FR,Zuidschermer,"97, rue de Ribeiro",2024-09-23T00:00:00,
CUST-2ED41F9E,marguerite77@example.net,Esmee,Vento,781 314 675,FR,Ferreira-les-Bains,pl. Wolności 627,2024-06-05T00:00:00,
CUST-196ABBE4,pgrabas@example.org,Julio,Lejeune,+1-654-256-6766,FR,Toledo,"5, avenue Matthieu Baudry",2023-01-18T00:00:00,
CUST-8B97F25F,lianeschomber@example.org,Domenico,Clements,(815)558-1083x5832,BE,Huesca,"Stretto Livia, 0 Appartamento 88",2024-08-20T00:00:00,
CUST-822310D0,justinjohnson@example.net,Arthur,Casals,,NL,Philippine,Cornelius-Briemer-Weg 1-1,2024-10-06T00:00:00,
CUST-BE4880FC,waehnerdagmar@example.com,Véronique,Morales,0447 314976,BE,Ávila,"547, boulevard de Guillou",2024-08-15T00:00:00,
CUST-5AADCC90,fdurand@example.net,Tirza,Vergerio,+44151 4960390,GB,Hulsberg,al. Wilcza 45,2023-06-24T00:00:00,
CUST-98E6652A,dehmelbaerbel@example.org,Claudine,Perez,,IT,Schwandorf,ulica Lwowska 464,2024-01-25T00:00:00,
CUST-C93B5B9C,amletomigliaccio@example.net,Nora,Adams,,DE,Camusdan,,2024-12-18T00:00:00,
CUST-9530A49C,ludovicoscalera@example.net,Ida,Woodward,+31620 281237,FR,South Oliviaburgh,plac Szmaragdowa 604,2023-06-05T00:00:00,
CUST-E781724E,uturner@example.net,Azeneth,Palazzo,+49 (0) 4839 589477,GB,Letellier,Atzlerring 3-3,2024-09-18T00:00:00,
CUST-E55C6CBB,pacewiczfabian@example.net,Luc,Powell,+39 0184979218,IT,Fara Gera D'Adda,"56, boulevard Pauline Antoine",2023-03-05T00:00:00,
CUST-C4F20E1C,casemirocorominas@example.org,Roger,Hesse,+441154960896,GB,Rometta Apuana,ulica Leśna 31,2024-11-09T00:00:00,
CUST-917BFFA5,grzegorzmuelichen@example.org,Beppe,Taylor,+48 517 548 138,BE,Oostrum,Milosteeg 819,2024-04-15T00:00:00,
CUST-D1176B56,lucelopes@example.net,Melanie,van Geenen,+48 794 186 520,FR,Gavoi,"Vicolo Annalisa, 36 Appartamento 97",2024-11-28T00:00:00,
CUST-61B79EDE,costethierry@example.com,Laura,Valverde,+1-940-947-6044x090,ES,Jelenia Góra,ulica Poniatowskiego 92,2023-07-16T00:00:00,
CUST-80EE8A0D,darkolindner@example.org,Scott,Edwards,+34 872 905 529,FR,Crastu,Chrishof 24,2023-11-01T00:00:00,
CUST-4683AC10,louisethomas@example.net,Marie,Kuilenburg,348-451-5791x9711,ES,West Marie,35713 Hood Row,2024-05-15T00:00:00,
CUST-BDC47F39,thierryvincent@example.com,Gaspar,Checa,,PL,Ahrntal,"33, chemin Marthe Besnard",2023-10-08T00:00:00,
CUST-8CB9D4FF,trillopedro@example.net,Maurilio,Grymuza,+49(0)9628936543,GB,Santa Lucia Di Battipaglia,Callejón Isaías Solsona 20,2024-02-09T00:00:00,
CUST-FFBF7269,detzold@example.net,Niccolò,Bosman,,IT,San Benedetto In Alpe,"Incrocio Salvi, 5",2023-10-25T00:00:00,
CUST-9E1CEF6F,ettore78@example.org,Scott,Siebert,+31(0)734-595764,DE,Port Sarah,"Studio 4
Wright estates",2024-03-28T00:00:00,
CUST-404F8F65,renata98@example.org,Folkert,Bernini,,DE,Patrickstad,ul. Krasińskiego 23,2024-07-05T00:00:00,
CUST-D1D3544C,leonid12@example.org,Bernadette,Wood,(08507) 25178,FR,Heusden,al. Lisia 16,2023-04-22T00:00:00,
CUST-77E58C1A,klaere26@example.com,Oriana,de Plantard,(0131) 4960790,DE,Colin-sur-Lecoq,"95, boulevard Joseph",2024-11-16T00:00:00,
CUST-916B4832,oomsibrahim@example.com,Benjamin,Hernandez,+31562 624467,DE,Susanchester,Stollstr. 27,2023-04-13T00:00:00,
CUST-27F4DFD5,pirandelloninetta@example.org,Marco,Ruppert,,DE,Slijk-Ewijk,660 Coleman Streets Apt. 978,2023-05-21T00:00:00,
CUST-22B61013,imonti@example.com,Antony,van der Horst,+31205 943897,PL,Bergeijk,ul. Prusa 750,2024-02-21T00:00:00,
CUST-1092C18F,pietro54@example.org,Gastón,Palacios,,GB,Alteveer gem Hoogeveen,al. Bolesława Krzywoustego 91,2024-10-28T00:00:00,
CUST-7ED808F6,turciloretta@example.com,Jérôme,Wilkinson,,FR,Siegen,al. Owocowa 938,2024-10-23T00:00:00,
CUST-07384076,flagaarkadiusz@example.com,Dwayne,Palmer,01314960466,ES,Lake Jonathan,"Flat 3
Turner ridges",2023-08-26T00:00:00,
CUST-A0623F13,bessonhenriette@example.com,Patricia,Scheffers,+49(0)8096 24406,PL,Sainte Margaux,Misicherstr. 41/13,2023-06-29T00:00:00,
CUST-48DF2113,azegliolupo@example.net,Julianna,Verhaar,(080)-5555727,PL,Ostrowiec Świętokrzyski,Kuschgasse 97,2023-02-07T00:00:00,
CUST-80090605,folettiludovica@example.net,Leopoldo,Miró,+48 787 029 929,GB,Ala,,2023-10-24T00:00:00,
CUST-DCE327F3,schuylenborchcornelia@example.net,Marek,van der Loo,0911633194,GB,Wittenberg,Liekehof 9,2023-04-20T00:00:00,
CUST-10FA54AE,maria-luisa51@example.net,Tiziano,Nieuwstraten,(074)-7226408,GB,Prata Sannita,Salzweg 7-7,2024-10-18T00:00:00,
CUST-9E1484D6,mauricemaurice@example.org,June,Blaak,+39 0382971508,PL,Kelheim,,2024-05-31T00:00:00,
CUST-84C0122E,charlottemendes@example.org,Donatello,Barón,997.373.9732,DE,Spoleto,"1, rue de Normand",2023-06-16T00:00:00,
CUST-3A64DAFC,ede-jong@example.com,Sol,Edwards,370.446.0568x761,ES,Toledo,Sontagring 437,2023-01-15T00:00:00,
CUST-C5F0F01C,murciafelisa@example.net,Clare,Dyrek,,GB,Le Goff,Pasaje de Juana Jordá 149 Apt. 28 ,2023-07-17T00:00:00,
